epoch,accuracy,loss,val_accuracy,val_loss
0,0.031144270673394203,4002.12841796875,0.02165289968252182,3221.455810546875
