epoch,accuracy,loss,val_accuracy,val_loss
0,0.0,4.114309310913086,0.09090909361839294,4.143184185028076
